{
  "detectors": [
    {
      "vector": [
        0.0750516633548707,
        -0.23285611697945044,
        0.17515112719313258
      ],
      "radius": 0.0012393438878292374,
      "distance_type": "cosine"
    },
    {
      "vector": [
        -0.4974826639561078,
        0.9694029797527133,
        -0.9157537067858967
      ],
      "radius": 0.0010393292675376154,
      "distance_type": "cosine"
    }
  ]
}