{
  "detectors": [
    {
      "vector": [
        9.822648048400879,
        11.567042350769043
      ],
      "radius": 6.495688828610102,
      "distance_type": "euclidean"
    }
  ]
}