algorithm,dataset,dimension,precision_avg,precision_stdev,recall_avg,recall_stdev,accuracy_avg,accuracy_stdev,true_detected_avg,true_detected_stdev,true_total_avg,true_total_stdev,fake_detected_avg,f1_avg,f1_stdev,fake_detected_stdev,fake_total_avg,fake_total_stdev,negative_space_coverage_avg,negative_space_coverage_stdev,time_to_build_avg,time_to_build_stdev,detectors_count_avg,detectors_count_stdev,time_to_infer_avg,time_to_infer_stdev,self_region_avg,self_region_stdev
nsgaii,bert-base-cased,1D,0.8394798136645962,0.0,0.6730469965764083,0.0,0.7721755368814193,0.0,827,0.0,6426,0.0,4325,0.7471065814475729,0.0,0.0,6426,0.0,17.979068820561224,0.0,2422.9070378999895,0.0,2175,0.0,91.02530890000344,0.0,0.00043716499311048,0.0
nsgaii,distilbert-base-cased,1D,0.9474279253815715,0.0,0.7824463118580766,0.0,0.869514472455649,0.0,279,0.0,6426,0.0,5028,0.8570698031194068,0.0,0.0,6426,0.0,23.54747510816378,0.0,496.3132515000034,0.0,825,0.0,34.59642580000218,0.0,0.0005213978311408552,0.0
nsgaii,distilbert-base-cased,2D,0.9661204198121893,0.0,0.8165266106442577,0.0,0.8939464674758792,0.0,184,0.0,6426,0.0,5247,0.885046807792865,0.0,0.0,6426,0.0,309.63441346101104,0.0,471.63033580000047,0.0,650,0.0,25.8728831000044,0.0,0.015639394617992766,0.0
nsgaii,fasttext,1D,0.9366197183098591,0.0,0.7657952069716776,0.0,0.8569872393401805,0.0,333,0.0,6426,0.0,4921,0.8426369863013699,0.0,0.0,6426,0.0,22.23471745952702,0.0,746.4579837999918,0.0,1225,0.0,48.32926679999218,0.0,0.000512362349768473,0.0
nsgaii,fasttext,2D,0.9547716944384332,0.0,0.6865857454092749,0.0,0.8270308123249299,0.0,209,0.0,6426,0.0,4412,0.7987688965329953,0.0,0.0,6426,0.0,240.65968739352851,0.0,379.2776331000059,0.0,675,0.0,29.291647699996247,0.0,0.01650340086312427,0.0
nsgaii,roberta-base,1D,0.9878067844302016,0.0,0.983348895113601,0.0,0.985605353252412,0.0,78,0.0,6426,0.0,6319,0.9855727988770179,0.0,0.0,6426,0.0,31.118270257364202,0.0,88.025516099995,0.0,275,0.0,8.710923699996783,0.0,0.0006209645552027615,0.0
